condition,drugName,rating_count,average_rating,CUI1,CUI2,CUI3
ADHD,Lisdexamfetamine,548,7.697080292,C1873633,C1739826,C5191482
ADHD,Vyvanse,540,7.677777778,C1876807,C3241344,C3859815
ADHD,Methylphenidate,513,7.382066277,C0025810,C0524188,C0700545
ADHD,Amphetamine / dextroamphetamine,456,7.967105263,C0795571,C2224242,C3207399
ADHD,Atomoxetine,285,5.438596491,C0076823,C1170741,C1577882
ADHD,Strattera,277,5.433212996,C1176420,C3234069,C1169942
ADHD,Concerta,257,7.13229572,C0939301,C3222292,C3222291
ADHD,Adderall,227,8.224669604,C0290795,C1170024,C3224737
ADHD,Guanfacine,156,5.737179487,C0079466,C0700472,C1246418
ADHD,Adderall XR,139,8.26618705,C1170024,C2719910,C2719906
ADHD,Dexmethylphenidate,120,7.441666667,C1169997,C1170743,C4752795
ADHD,Intuniv,107,6.177570093,C2721782,C3227481,C2980486
ADHD,Dextroamphetamine,94,8.712765957,C0011812,C0011810,C0724568
ADHD,Ritalin,76,7.447368421,C0728759,C0002658,C0723094
ADHD,Bupropion,72,7.5,C0085208,C0484898,C0700563
ADHD,Daytrana,61,8.262295082,C1691676,C3466974,C3223695
ADHD,Focalin XR,58,7.844827586,C1659527,C3154599,C1613009
ADHD,Dexedrine,57,8.421052632,C0591355,C0305892,C3229817
ADHD,Amphetamine,54,6.518518519,C0002658,C0428221,C0002667
ADHD,Focalin,53,6.886792453,C1170283,C1659527,C3225948
ADHD,Clonidine,36,8.25,C0009014,C0546860,C0274741
ADHD,Metadate CD,34,7.117647059,C0939378,C1694328,C4082920
ADHD,Methamphetamine,28,8.714285714,C0025611,C0282233,C1533217
ADHD,Adzenys XR-ODT,21,5.952380952,C4084344,C4083449,C4083461
ADHD,Evekeo,20,7.3,C3883382,C3883577,C5207183
ADHD,Desoxyn,19,9.631578947,C0728809,C3228540,C0719796
ADHD,Modafinil,17,8.823529412,C0066677,C1701455,C0874353
ADHD,Kapvay,17,7.352941176,C2939730,C3223432,C3223431
ADHD,Mydayis,15,4.533333333,C4490125,C4490129,C4490128
ADHD,Quillivant XR,14,5.357142857,C3499671,C3499676,
ADHD,Armodafinil,13,8.230769231,C1701455,C1961875,C1961880
ADHD,Wellbutrin XL,11,8.909090909,C1330606,C1329854,C1329853
ADHD,Methylin,11,8.181818182,C0876085,C3230872,C0939379
ADHD,Ritalin LA,10,9.2,C1170586,C1169842,C1169840
ADHD,Dyanavel XR,10,6.0,C4080995,C4058340,C5559178
ADHD,Methylin ER,8,8.5,C0939379,,
ADHD,Zenzedi,8,8.5,C3644601,C3644605,C3816980
ADHD,Cylert,7,9.571428571,C0719594,C1242745,C0305772
ADHD,Pemoline,7,9.571428571,C0030800,C0524229,C0030802
ADHD,Nuvigil,7,8.285714286,C1871544,C3233271,C2364594
ADHD,Omega-3 polyunsaturated fatty acids,6,8.166666667,C0015689,C5673562,C5698655
ADHD,Aptensio XR,6,6.833333333,C4032853,C4018719,C4018726
ADHD,Provigil,5,9.2,C0722882,C3236315,C0731744
ADHD,Wellbutrin SR,4,8.0,C0724393,C1812857,C1812858
ADHD,Wellbutrin,4,5.5,C0085934,C0724393,C1330606
ADHD,Catapres,3,9.333333333,C0699881,C3230342,C0305564
ADHD,Amantadine,3,8.666666667,C0002403,C0936072,C0002404
ADHD,Desvenlafaxine,3,8.666666667,C1880288,C1742884,C4553828
ADHD,Pristiq,2,8.0,C1871864,C3232813,C3232812
ADHD,Ritalin-SR,2,5.5,C0723094,C0307494,
Agitated State,Aripiprazole,24,6.583333333,C0299792,C4056439,C5553917
Agitated State,Abilify,22,6.409090909,C1170019,C3220191,C3554917
Alcohol Dependence,Acamprosate,143,8.867132867,C0284941,C0592789,C4751694
Alcohol Dependence,Campral,122,9.008196721,C0592792,C0592791,C2756285
Alcohol Dependence,Naltrexone,122,8.631147541,C0027360,C0355800,C1266646
Alcohol Dependence,Disulfiram,61,8.672131148,C0012772,C4255372,C4255273
Alcohol Dependence,Antabuse,49,9.0,C0591096,C0349660,C0573171
Alcohol Dependence,Vivitrol,15,8.733333333,C1712071,C3241147,C1712074
Alcohol Dependence,Revia,5,9.2,C0591842,C5234920,C3232229
Alcohol Withdrawal,Chlordiazepoxide,89,9.483146067,C0008188,C0700528,C0274677
Alcohol Withdrawal,Librium,80,9.55,C0013881,C0008188,C0306624
Alcohol Withdrawal,Baclofen,54,9.037037037,C0004609,C1449616,C0687971
Alcohol Withdrawal,Gabapentin,30,8.6,C0060926,C0484930,C2700226
Alcohol Withdrawal,Diazepam,9,8.888888889,C0012010,C0365777,C0202368
Alcohol Withdrawal,Valium,7,8.571428571,C0699187,C0012010,C3240893
Alcohol Withdrawal,Oxazepam,3,8.666666667,C0029997,C0366113,C0202436
Alcohol Withdrawal,Clonidine,3,6.666666667,C0009014,C0546860,C0274741
Alcohol Withdrawal,Neurontin,2,9.5,C0678176,C3236121,C0355710
Alcohol Withdrawal,Lioresal,2,8.5,C0699999,C0721369,C1242143
Alcohol Withdrawal,Serax,2,8.5,C0702214,C0307593,C1242754
Alzheimer's Disease,Donepezil,32,4.8125,C0527316,C0771848,C2828323
Alzheimer's Disease,Aricept,18,5.5,C0527315,C3224860,C1650432
Alzheimer's Disease,Memantine,17,4.235294118,C0025242,C0771988,C1572359
Alzheimer's Disease,Rivastigmine,16,6.5625,C0649350,C0772415,C0980021
Alzheimer's Disease,Exelon,12,6.666666667,C0730987,C3227274,C0732217
Alzheimer's Disease,Namenda,10,4.0,C1330412,C1878100,C3232655
Alzheimer's Disease,Galantamine,8,7.625,C0016967,C0949312,C1260666
Alzheimer's Disease,Namenda XR,2,4.5,C1330412,C2918925,C2918898
Anorexia,Cyproheptadine,85,8.847058824,C0010620,C0354872,C1266467
Anorexia,Dronabinol,10,7.9,C0039663,C1246014,C2699811
Anorexia,Marinol,7,8.428571429,C0728767,C3234866,C0306727
Anorexia,Megestrol,7,8.0,C0025175,C0065879,C1563796
Anorexia,Megace ES,2,5.5,C1649231,C1615777,
Anxiety,Escitalopram,669,7.825112108,C1099456,C1316867,C1170746
Anxiety,Alprazolam,560,8.826785714,C0002333,C0482776,C0974159
Anxiety,Buspirone,538,6.32527881,C0006462,C0700444,C0573025
Anxiety,Clonazepam,528,8.564393939,C0009011,C0365723,C0202361
Anxiety,Lexapro,483,7.906832298,C1170371,C1099456,C3239916
Anxiety,Hydroxyzine,422,5.779620853,C0020404,C0600110,C0700539
Anxiety,Lorazepam,417,8.278177458,C0024002,C0365953,C0524170
Anxiety,Xanax,375,8.741333333,C0699034,C3240057,C1330607
Anxiety,BuSpar,303,6.432343234,C0600122,C0875980,C1169245
Anxiety,Klonopin,284,8.612676056,C0699315,C3226181,C0306549
Anxiety,Gabapentin,260,8.088461538,C0060926,C0484930,C2700226
Anxiety,Diazepam,259,8.77992278,C0012010,C0365777,C0202368
Anxiety,Ativan,227,8.233480176,C0699194,C3226923,C0305346
Anxiety,Paroxetine,212,7.410377358,C0070122,C0771019,C1365510
Anxiety,Venlafaxine,191,7.057591623,C0078569,C0771200,C1266786
Anxiety,Mirtazapine,180,6.883333333,C0049506,C0981596,C2828218
Anxiety,Duloxetine,174,6.965517241,C0245561,C1505020,C4752988
Anxiety,Paxil,169,7.355029586,C0376414,C0876119,C3236755
Anxiety,Cymbalta,161,7.055900621,C1505021,C3228463,C3228462
Anxiety,Effexor XR,133,7.315789474,C0595028,C0716074,C0716080
Anxiety,Valium,125,9.096,C0699187,C0012010,C3240893
Anxiety,Vistaril,123,5.788617886,C0936278,C0724301,C3240913
Anxiety,Desvenlafaxine,117,7.299145299,C1880288,C1742884,C4553828
Anxiety,Propranolol,111,7.990990991,C0033497,C0282321,C0202459
Anxiety,Pristiq,92,7.293478261,C1871864,C3232813,C3232812
Anxiety,Bupropion,75,7.066666667,C0085208,C0484898,C0700563
Anxiety,Atarax,62,5.951612903,C0684229,C0700539,C0305344
Anxiety,Trazodone,61,7.557377049,C0040805,C0282369,C0572833
Anxiety,Tramadol,51,9.509803922,C0040610,C1266765,C2350089
Anxiety,Oxazepam,34,9.117647059,C0029997,C0366113,C0202436
Anxiety,Vilazodone,28,6.678571429,C1530072,C2962546,C4755185
Anxiety,Xanax XR,27,8.814814815,C1330607,C1329640,C1329639
Anxiety,Atenolol,27,7.518518519,C0004147,C0687939,C0687938
Anxiety,Risperidone,26,6.076923077,C0073393,C1266731,C0981711
Anxiety,Clonidine,25,7.48,C0009014,C0546860,C0274741
Anxiety,Remeron,25,7.08,C0525726,C5441678,C0939464
Anxiety,Clorazepate,24,8.958333333,C0008174,C0009033,C0524083
Anxiety,Lamotrigine,24,7.375,C0064636,C0524166,C2701084
Anxiety,Chlordiazepoxide,20,8.25,C0008188,C0700528,C0274677
Anxiety,Librium,16,8.25,C0013881,C0008188,C0306624
Anxiety,Doxepin,13,7.076923077,C0013085,C0365808,C0700535
Anxiety,Oxcarbazepine,13,5.923076923,C0069751,C3693189,C1247238
Anxiety,Neurontin,11,8.272727273,C0678176,C3236121,C0355710
Anxiety,Niravam,10,9.7,C1616710,,
Anxiety,Serax,10,8.8,C0702214,C0307593,C1242754
Anxiety,Prochlorperazine,9,5.666666667,C0033229,C0033231,C0033230
Anxiety,Tranxene,7,9.428571429,C0699937,C0723808,C3233070
Anxiety,Paxil CR,7,8.857142857,C0876119,C1169471,C1169801
Anxiety,Klonopin Wafer,6,9.666666667,C1330369,,
Anxiety,Meprobamate,6,8.166666667,C0025386,C0202411,C0274685
Anxiety,Viibryd,6,7.5,C2962550,C3240353,C2980569
Anxiety,Nefazodone,4,7.25,C0068485,C0771310,C0568273
Anxiety,Wellbutrin,4,7.0,C0085934,C0724393,C1330606
Anxiety,Trifluoperazine,4,6.75,C0040979,C0304381,C0202493
Anxiety,Wellbutrin XL,4,6.0,C1330606,C1329854,C1329853
Anxiety,Compazine,4,3.0,C0701017,C0524088,C0305701
Anxiety,Alprazolam Intensol,3,10.0,C1612399,,
Anxiety,Diazepam Intensol,3,10.0,C1274011,,
Anxiety,Amitriptyline / chlordiazepoxide,3,9.666666667,C2742631,C1301997,C3206772
Anxiety,Amitriptyline / perphenazine,3,9.666666667,C2938509,C1302097,C2079566
Anxiety,Kava,3,9.0,C0521083,C0939882,C1547290
Anxiety,Pexeva,3,9.0,C1602496,C3232140,C1585400
Anxiety,Tenormin,3,8.666666667,C0592168,C0592169,C3235856
Anxiety,Miltown,3,7.0,C0700705,C0025386,C4082447
Anxiety,Catapres,3,6.333333333,C0699881,C3230342,C0305564
Anxiety,Stelazine,3,6.0,C0733842,C0307675,C1243186
Anxiety,Trileptal,3,5.666666667,C0876196,C0941811,C3237600
Anxiety,Lorazepam Intensol,2,10.0,C5448700,C0978249,
Anxiety,Tranxene SD,2,10.0,C0723808,C1659415,C0307899
Anxiety,Limbitrol DS,2,9.5,C0721366,C2710531,C0715047
Anxiety,Triavil,2,9.5,C0723883,C1242362,C0749683
Anxiety,Dilantin,2,8.5,C0031507,C0699512,C0265372
Anxiety,Phenytoin,2,8.5,C0031507,C0202454,C0798051
Anxiety,Desyrel,2,8.0,C0701914,C0305882,C3229224
Anxiety,Nadolol,2,7.0,C0027302,C0524197,C0689708
Anxiety,Vanspar,2,1.5,C1617759,,
Anxiety and Stress,Citalopram,560,7.623214286,C0008845,C1369503,C0724555
Anxiety and Stress,Celexa,319,7.589341693,C0719199,C3220444,C0716373
Anxiety and Stress,Fluoxetine,303,7.587458746,C0016365,C0733380,C1608551
Anxiety and Stress,Sertraline,296,7.415540541,C0074393,C0600526,C0524265
Anxiety and Stress,Prozac,199,7.703517588,C0162373,C2920365,C3236322
Anxiety and Stress,Venlafaxine,94,7.159574468,C0078569,C0771200,C1266786
Anxiety and Stress,Paroxetine,94,6.787234043,C0070122,C0771019,C1365510
Anxiety and Stress,Amitriptyline,86,7.697674419,C0002600,C0700523,C0202316
Anxiety and Stress,Paxil,73,6.506849315,C0376414,C0876119,C3236755
Anxiety and Stress,Zoloft,67,7.597014925,C0284660,C5442087,C3241900
Anxiety and Stress,Effexor,38,7.526315789,C0591437,C0595028,C3227261
Anxiety and Stress,Fluvoxamine,38,5.763157895,C0085228,C0700473,C1266533
Anxiety and Stress,Effexor XR,23,8.217391304,C0595028,C0716074,C0716080
Anxiety and Stress,Luvox,20,5.3,C0086307,C2342291,C4729984
Anxiety and Stress,Elavil,15,9.6,C0087119,C0002600,C3227887
Anxiety and Stress,Prazosin,7,9.285714286,C0032912,C0700578,C1266713
Anxiety and Stress,Luvox CR,2,9.0,C2342291,,
Autism,Risperidone,38,6.210526316,C0073393,C1266731,C0981711
Autism,Aripiprazole,20,7.2,C0299792,C4056439,C5553917
Autism,Risperdal,20,5.4,C0592071,C0733452,C1320098
Autism,Abilify,18,7.0,C1170019,C3220191,C3554917
Autism,Geodon,8,4.875,C0939698,C3224623,C0939141
Autism,Ziprasidone,8,4.875,C0380393,C0380392,C1170754
Autism,Venlafaxine,3,7.0,C0078569,C0771200,C1266786
Autism,Effexor,2,10.0,C0591437,C0595028,C3227261
Autism,Memantine,2,8.0,C0025242,C0771988,C1572359
Binge Eating Disorde,Lisdexamfetamine,49,7.693877551,C1873633,C1739826,C5191482
Binge Eating Disorde,Vyvanse,49,7.693877551,C1876807,C3241344,C3859815
Binge Eating Disorde,Fluoxetine,3,9.666666667,C0016365,C0733380,C1608551
Bipolar Disorde,Lamotrigine,549,8.262295082,C0064636,C0524166,C2701084
Bipolar Disorde,Quetiapine,396,7.118686869,C0123091,C0724680,C1997945
Bipolar Disorde,Lamictal,388,8.234536082,C0678180,C3229001,C0591698
Bipolar Disorde,Lurasidone,376,6.824468085,C2003424,C2697950,C5553916
Bipolar Disorde,Latuda,349,6.853868195,C2954611,C3230201,C2946969
Bipolar Disorde,Seroquel,244,6.971311475,C0287163,C1962503,C3234613
Bipolar Disorde,Aripiprazole,220,5.877272727,C0299792,C4056439,C5553917
Bipolar Disorde,Abilify,199,5.854271357,C1170019,C3220191,C3554917
Bipolar Disorde,Lithium,191,7.607329843,C0023870,C0337452,C3540800
Bipolar Disorde,Asenapine,179,7.206703911,C2000088,C2719618,C5553915
Bipolar Disorde,Saphris,168,7.339285714,C2719329,C3239756,C3239755
Bipolar Disorde,Ziprasidone,163,5.607361963,C0380393,C0380392,C1170754
Bipolar Disorde,Divalproex sodium,162,6.401234568,C0886883,C2609633,C2609634
Bipolar Disorde,Geodon,148,5.5,C0939698,C3224623,C0939141
Bipolar Disorde,Olanzapine,136,6.558823529,C0171023,C2698647,C1266674
Bipolar Disorde,Depakote,114,6.192982456,C0719751,C0939309,C0719752
Bipolar Disorde,Oxcarbazepine,100,8.13,C0069751,C3693189,C1247238
Bipolar Disorde,Risperidone,98,6.5,C0073393,C1266731,C0981711
Bipolar Disorde,Zyprexa,95,6.568421053,C0527258,C0876225,C3240425
Bipolar Disorde,Topiramate,88,7.534090909,C0076829,C0519827,C0693586
Bipolar Disorde,Gabapentin,84,8.392857143,C0060926,C0484930,C2700226
Bipolar Disorde,Carbamazepine,81,6.87654321,C0006949,C0006950,C0054640
Bipolar Disorde,Seroquel XR,80,7.4625,C1962503,C1949286,C1949282
Bipolar Disorde,Clonazepam,77,8.545454545,C0009011,C0365723,C0202361
Bipolar Disorde,Cariprazine,67,6.373134328,C2936870,C4058574,C5553909
Bipolar Disorde,Vraylar,63,6.444444444,C4056542,C4083977,C4056711
Bipolar Disorde,Risperdal,56,6.589285714,C0592071,C0733452,C1320098
Bipolar Disorde,Klonopin,52,8.538461538,C0699315,C3226181,C0306549
Bipolar Disorde,Venlafaxine,51,6.823529412,C0078569,C0771200,C1266786
Bipolar Disorde,Topamax,47,7.425531915,C0723778,C3231903,C0723779
Bipolar Disorde,Bupropion,41,6.902439024,C0085208,C0484898,C0700563
Bipolar Disorde,Tegretol,38,7.184210526,C0700087,C0592163,C3234706
Bipolar Disorde,Escitalopram,33,7.0,C1099456,C1316867,C1170746
Bipolar Disorde,Sertraline,32,7.28125,C0074393,C0600526,C0524265
Bipolar Disorde,Duloxetine,32,6.59375,C0245561,C1505020,C4752988
Bipolar Disorde,Fluoxetine / olanzapine,30,8.333333333,C1608551,C1961954,C1329938
Bipolar Disorde,Depakote ER,29,7.448275862,C0939309,C0706355,C0939655
Bipolar Disorde,Trileptal,28,8.357142857,C0876196,C0941811,C3237600
Bipolar Disorde,Symbyax,27,8.296296296,C1330549,C3239274,C1961954
Bipolar Disorde,Lexapro,25,7.28,C1170371,C1099456,C3239916
Bipolar Disorde,Cymbalta,22,7.0,C1505021,C3228463,C3228462
Bipolar Disorde,Paliperidone,18,6.666666667,C0753678,C2719626,C4058551
Bipolar Disorde,Effexor,15,8.266666667,C0591437,C0595028,C3227261
Bipolar Disorde,Effexor XR,15,6.866666667,C0595028,C0716074,C0716080
Bipolar Disorde,Lithobid,14,7.071428571,C0700751,C3232486,C0306649
Bipolar Disorde,Armodafinil,12,9.333333333,C1701455,C1961875,C1961880
Bipolar Disorde,Valproic acid,12,5.833333333,C0042291,C0202495,C0589471
Bipolar Disorde,Zoloft,11,7.363636364,C0284660,C5442087,C3241900
Bipolar Disorde,Desvenlafaxine,11,7.090909091,C1880288,C1742884,C4553828
Bipolar Disorde,Nuvigil,9,9.444444444,C1871544,C3233271,C2364594
Bipolar Disorde,Iloperidone,9,8.555555556,C0247194,C5553001,C2684250
Bipolar Disorde,Epitol,9,7.888888889,C0700667,C3221815,C0714192
Bipolar Disorde,Wellbutrin,9,6.0,C0085934,C0724393,C1330606
Bipolar Disorde,Citalopram,8,7.75,C0008845,C1369503,C0724555
Bipolar Disorde,Neurontin,8,7.75,C0678176,C3236121,C0355710
Bipolar Disorde,Pristiq,7,7.571428571,C1871864,C3232813,C3232812
Bipolar Disorde,Perphenazine,7,7.285714286,C0031184,C0524232,C0568554
Bipolar Disorde,Invega,7,6.285714286,C1828935,C2722404,C3227485
Bipolar Disorde,Zyprexa Zydis,6,8.166666667,C0876225,C1169524,C1169525
Bipolar Disorde,Levetiracetam,6,7.166666667,C0377265,C3693636,C1953860
Bipolar Disorde,Eskalith,5,9.2,C0700753,C0306119,C0306120
Bipolar Disorde,Clonidine,5,7.0,C0009014,C0546860,C0274741
Bipolar Disorde,Tegretol XR,4,6.5,C0592163,C0975245,C0975247
Bipolar Disorde,Equetro,4,5.0,C1614653,C3222415,C3222414
Bipolar Disorde,Klonopin Wafer,3,10.0,C1330369,,
Bipolar Disorde,Lamictal ODT,3,9.0,C2710073,C2684353,C2684350
Bipolar Disorde,Wellbutrin XL,3,8.333333333,C1330606,C1329854,C1329853
Bipolar Disorde,Catapres,3,5.666666667,C0699881,C3230342,C0305564
Bipolar Disorde,Eskalith-CR,2,10.0,C0720278,C0306118,
Bipolar Disorde,Budeprion XL,2,7.0,C1828815,,
Bipolar Disorde,Keppra,2,7.0,C0876060,C3224188,C2370035
Bipolar Disorde,Trilafon,2,6.5,C0699490,C0307936,C1242730
Bipolar Disorde,Fanapt,2,5.5,C2701270,C2684251,C3228696
Bipolar Disorde,Risperdal M-Tab,2,5.5,C1330511,,
Bipolar Disorde,Depakene,2,5.0,C0700661,C0305851,C0305850
Bipolar Disorde,Wellbutrin SR,2,5.0,C0724393,C1812857,C1812858
Bipolar Disorde,Risperdal Consta,2,4.0,C1320098,C1320099,C1320101
Borderline Personality Disorde,Quetiapine,62,7.467741935,C0123091,C0724680,C1997945
Borderline Personality Disorde,Lamotrigine,22,8.727272727,C0064636,C0524166,C2701084
Borderline Personality Disorde,Olanzapine,17,7.352941176,C0171023,C2698647,C1266674
Borderline Personality Disorde,Seroquel,13,7.461538462,C0287163,C1962503,C3234613
Borderline Personality Disorde,Aripiprazole,11,7.272727273,C0299792,C4056439,C5553917
Borderline Personality Disorde,Risperidone,10,5.9,C0073393,C1266731,C0981711
Borderline Personality Disorde,Lurasidone,7,8.142857143,C2003424,C2697950,C5553916
Borderline Personality Disorde,Risperdal,5,8.6,C0592071,C0733452,C1320098
Borderline Personality Disorde,Sertraline,5,6.2,C0074393,C0600526,C0524265
Borderline Personality Disorde,Topiramate,5,6.2,C0076829,C0519827,C0693586
Borderline Personality Disorde,Abilify,4,8.75,C1170019,C3220191,C3554917
Borderline Personality Disorde,Lithium,4,4.5,C0023870,C0337452,C3540800
Borderline Personality Disorde,Fluoxetine,3,9.0,C0016365,C0733380,C1608551
Borderline Personality Disorde,Latuda,3,8.666666667,C2954611,C3230201,C2946969
Borderline Personality Disorde,Escitalopram,3,8.333333333,C1099456,C1316867,C1170746
Borderline Personality Disorde,Oxcarbazepine,3,8.333333333,C0069751,C3693189,C1247238
Borderline Personality Disorde,Clozapine,3,7.333333333,C0009079,C3666182,C0524086
Borderline Personality Disorde,Buspirone,3,4.333333333,C0006462,C0700444,C0573025
Borderline Personality Disorde,Clonazepam,2,9.0,C0009011,C0365723,C0202361
Borderline Personality Disorde,L-methylfolate,2,9.0,C2939773,C1365943,C3651248
Borderline Personality Disorde,Asenapine,2,8.0,C2000088,C2719618,C5553915
Borderline Personality Disorde,Zyprexa Zydis,2,5.5,C0876225,C1169524,C1169525
Borderline Personality Disorde,Carbamazepine,2,5.0,C0006949,C0006950,C0054640
Borderline Personality Disorde,Citalopram,2,4.5,C0008845,C1369503,C0724555
Bulimia,Fluoxetine,33,8.424242424,C0016365,C0733380,C1608551
Bulimia,Prozac,21,8.0,C0162373,C2920365,C3236322
Bulimia,Topiramate,10,7.1,C0076829,C0519827,C0693586
Bulimia,Topamax,7,6.857142857,C0723778,C3231903,C0723779
Bulimia,Venlafaxine,2,8.5,C0078569,C0771200,C1266786
Chronic Fatigue Syndrome,Armodafinil,32,7.625,C1701455,C1961875,C1961880
Chronic Fatigue Syndrome,Modafinil,28,7.0,C0066677,C1701455,C0874353
Chronic Fatigue Syndrome,Nuvigil,27,7.62962963,C1871544,C3233271,C2364594
Chronic Fatigue Syndrome,Lisdexamfetamine,7,9.714285714,C1873633,C1739826,C5191482
Chronic Fatigue Syndrome,Provigil,6,7.333333333,C0722882,C3236315,C0731744
Chronic Fatigue Syndrome,Cymbalta,5,4.8,C1505021,C3228463,C3228462
Chronic Fatigue Syndrome,Duloxetine,5,4.8,C0245561,C1505020,C4752988
Chronic Fatigue Syndrome,Amantadine,3,9.333333333,C0002403,C0936072,C0002404
Chronic Fatigue Syndrome,Vyvanse,2,10.0,C1876807,C3241344,C3859815
Depression,Bupropion,747,7.386880857,C0085208,C0484898,C0700563
Depression,Sertraline,663,7.140271493,C0074393,C0600526,C0524265
Depression,Venlafaxine,574,6.540069686,C0078569,C0771200,C1266786
Depression,Desvenlafaxine,573,7.164048866,C1880288,C1742884,C4553828
Depression,Pristiq,554,7.205776173,C1871864,C3232813,C3232812
Depression,Escitalopram,515,7.559223301,C1099456,C1316867,C1170746
Depression,Citalopram,513,7.471734893,C0008845,C1369503,C0724555
Depression,Vortioxetine,458,5.934497817,C3661282,C3667607,C3692165
Depression,Duloxetine,437,6.489702517,C0245561,C1505020,C4752988
Depression,Cymbalta,411,6.489051095,C1505021,C3228463,C3228462
Depression,Lexapro,408,7.620098039,C1170371,C1099456,C3239916
Depression,Vilazodone,407,6.572481572,C1530072,C2962546,C4755185
Depression,Viibryd,397,6.571788413,C2962550,C3240353,C2980569
Depression,Fluoxetine,391,7.265984655,C0016365,C0733380,C1608551
Depression,Zoloft,386,7.18134715,C0284660,C5442087,C3241900
Depression,Wellbutrin,322,7.347826087,C0085934,C0724393,C1330606
Depression,Trintellix,304,6.059210526,C4087086,C4238275,C4238280
Depression,Celexa,299,7.37458194,C0719199,C3220444,C0716373
Depression,Mirtazapine,280,7.339285714,C0049506,C0981596,C2828218
Depression,Prozac,271,7.258302583,C0162373,C2920365,C3236322
Depression,Effexor,259,5.783783784,C0591437,C0595028,C3227261
Depression,Aripiprazole,202,6.881188119,C0299792,C4056439,C5553917
Depression,Abilify,194,6.845360825,C1170019,C3220191,C3554917
Depression,Effexor XR,189,7.328042328,C0595028,C0716074,C0716080
Depression,Paroxetine,186,6.827956989,C0070122,C0771019,C1365510
Depression,Wellbutrin XL,184,7.782608696,C1330606,C1329854,C1329853
Depression,Paxil,136,6.816176471,C0376414,C0876119,C3236755
Depression,Quetiapine,109,7.073394495,C0123091,C0724680,C1997945
Depression,Remeron,95,7.589473684,C0525726,C5441678,C0939464
Depression,Alprazolam,82,9.146341463,C0002333,C0482776,C0974159
Depression,L-methylfolate,80,7.8875,C2939773,C1365943,C3651248
Depression,Tramadol,75,9.413333333,C0040610,C1266765,C2350089
Depression,Trazodone,74,7.27027027,C0040805,C0282369,C0572833
Depression,Wellbutrin SR,71,6.788732394,C0724393,C1812857,C1812858
Depression,Lamotrigine,65,8.0,C0064636,C0524166,C2701084
Depression,Levomilnacipran,65,4.784615385,C3541367,C3663521,C3663525
Depression,Xanax,64,9.171875,C0699034,C3240057,C1330607
Depression,Olanzapine,64,6.046875,C0171023,C2698647,C1266674
Depression,Deplin,61,7.508196721,C1693359,C3537924,C3537986
Depression,Fetzima,57,4.666666667,C3663527,C3663549,C3663531
Depression,Tranylcypromine,54,8.518518519,C0040778,C0304369,C0524287
Depression,St. john's wort,51,8.666666667,C0813171,C1572487,C1177196
Depression,Amitriptyline,51,8.490196078,C0002600,C0700523,C0202316
Depression,Parnate,46,8.913043478,C0701426,C3236223,C1243265
Depression,Seroquel XR,43,7.441860465,C1962503,C1949286,C1949282
Depression,Modafinil,36,8.361111111,C0066677,C1701455,C0874353
Depression,Phenelzine,36,8.305555556,C0031392,C0031393,C0568236
Depression,Zyprexa,36,6.111111111,C0527258,C0876225,C3240425
Depression,Nardil,33,8.424242424,C0701388,C0031392,C3233198
Depression,Methylphenidate,32,9.0,C0025810,C0524188,C0700545
Depression,Selegiline,26,8.461538462,C0036579,C0700467,C0568594
Depression,Seroquel,26,7.230769231,C0287163,C1962503,C3234613
Depression,Nortriptyline,26,6.461538462,C0028420,C0700459,C0373487
Depression,Nefazodone,23,8.869565217,C0068485,C0771310,C0568273
Depression,Brexpiprazole,22,7.318181818,C3885614,C5553944,C4758171
Depression,Risperidone,22,6.318181818,C0073393,C1266731,C0981711
Depression,Emsam,21,8.333333333,C1699309,C3229915,C3466863
Depression,Niacin,20,9.75,C0027996,C4317126,C0779770
Depression,Lithium,19,6.578947368,C0023870,C0337452,C3540800
Depression,Armodafinil,17,7.411764706,C1701455,C1961875,C1961880
Depression,Rexulti,17,7.294117647,C4033609,C4033899,C4033900
Depression,Fluoxetine / olanzapine,16,8.875,C1608551,C1961954,C1329938
Depression,Elavil,16,8.4375,C0087119,C0002600,C3227887
Depression,Fluvoxamine,16,7.0,C0085228,C0700473,C1266533
Depression,Symbyax,15,8.933333333,C1330549,C3239274,C1961954
Depression,Doxepin,15,6.933333333,C0013085,C0365808,C0700535
Depression,Nuvigil,14,7.0,C1871544,C3233271,C2364594
Depression,Budeprion XL,14,6.928571429,C1828815,,
Depression,Clomipramine,13,9.230769231,C0009010,C0282107,C0524080
Depression,Desipramine,12,9.0,C0011685,C0700529,C0202369
Depression,Paxil CR,12,7.083333333,C0876119,C1169471,C1169801
Depression,Imipramine,12,6.75,C0020934,C0020935,C0589978
Depression,Serzone,9,9.666666667,C0591424,C0708387,
Depression,Aplenzin,7,6.142857143,C2609728,C3222732,C3222731
Depression,Provigil,6,8.833333333,C0722882,C3236315,C0731744
Depression,Budeprion SR,6,8.333333333,C2342708,,
Depression,Risperdal,6,6.666666667,C0592071,C0733452,C1320098
Depression,Norpramin,5,9.8,C0701352,C3239493,C1243493
Depression,Anafranil,5,8.4,C0002752,C3228921,C0305259
Depression,S-adenosylmethionine,5,8.4,C0036002,C3210896,C2246770
Depression,Remeron SolTab,5,8.0,C0939464,C1169603,C0939127
Depression,Lisdexamfetamine,5,6.8,C1873633,C1739826,C5191482
Depression,Oleptro,5,6.2,C2740387,C3235012,C3235011
Depression,Amitriptyline / chlordiazepoxide,4,9.5,C2742631,C1301997,C3206772
Depression,Amoxapine,4,9.5,C0002644,C0486321,C0202319
Depression,Luvox,4,7.25,C0086307,C2342291,C4729984
Depression,Atomoxetine,4,6.5,C0076823,C1170741,C1577882
Depression,Tofranil,4,6.0,C0025231,C0020934,C3232993
Depression,Pamelor,4,5.0,C0030256,C3233318,C0307202
Depression,Isocarboxazid,3,9.0,C0022154,C0568244,C0572779
Depression,Marplan,3,9.0,C0591755,C3234871,C1241695
Depression,Sinequan,3,8.666666667,C0728757,C0307621,C0358842
Depression,Desyrel,3,7.333333333,C0701914,C0305882,C3229224
Depression,Paliperidone,3,7.0,C0753678,C2719626,C4058551
Depression,Strattera,3,5.666666667,C1176420,C3234069,C1169942
Depression,Limbitrol,2,9.5,C0064989,C3231294,C0721366
Depression,Maprotiline,2,9.5,C0024778,C0700455,C0771589
Depression,Methylin ER,2,9.5,C0939379,,
Depression,Tryptophan,2,5.0,C0041249,C0000578,C0041256
Generalized Anxiety Disorde,Escitalopram,392,8.239795918,C1099456,C1316867,C1170746
Generalized Anxiety Disorde,Lexapro,268,8.451492537,C1170371,C1099456,C3239916
Generalized Anxiety Disorde,Pregabalin,158,8.32278481,C0657912,C3854233,C0388352
Generalized Anxiety Disorde,Quetiapine,100,7.59,C0123091,C0724680,C1997945
Generalized Anxiety Disorde,Citalopram,95,8.094736842,C0008845,C1369503,C0724555
Generalized Anxiety Disorde,Venlafaxine,94,6.627659574,C0078569,C0771200,C1266786
Generalized Anxiety Disorde,Duloxetine,87,6.747126437,C0245561,C1505020,C4752988
Generalized Anxiety Disorde,Cymbalta,81,6.679012346,C1505021,C3228463,C3228462
Generalized Anxiety Disorde,Sertraline,79,7.721518987,C0074393,C0600526,C0524265
Generalized Anxiety Disorde,Paroxetine,59,7.779661017,C0070122,C0771019,C1365510
Generalized Anxiety Disorde,Effexor XR,42,6.785714286,C0595028,C0716074,C0716080
Generalized Anxiety Disorde,Paxil,40,7.75,C0376414,C0876119,C3236755
Generalized Anxiety Disorde,Lyrica,17,8.882352941,C1570232,C0657912,C3235918
Generalized Anxiety Disorde,Seroquel,14,7.428571429,C0287163,C1962503,C3234613
Generalized Anxiety Disorde,Celexa,5,8.4,C0719199,C3220444,C0716373
Generalized Anxiety Disorde,Paxil CR,5,8.0,C0876119,C1169471,C1169801
Generalized Anxiety Disorde,Seroquel XR,5,7.0,C1962503,C1949286,C1949282
Hypersomnia,Armodafinil,27,6.592592593,C1701455,C1961875,C1961880
Hypersomnia,Nuvigil,22,6.5,C1871544,C3233271,C2364594
Hypersomnia,Caffeine,14,7.428571429,C0006644,C0202348,C0054436
Hypersomnia,Modafinil,11,6.909090909,C0066677,C1701455,C0874353
Hypersomnia,NoDoz,9,6.666666667,C1828954,C1329379,
Hypersomnia,Vivarin,4,8.75,C0724373,C3241145,C0711546
Hypersomnia,Dextroamphetamine,4,7.75,C0011812,C0011810,C0724568
Hypersomnia,Provigil,3,9.333333333,C0722882,C3236315,C0731744
Insomnia,Zolpidem,623,7.335473515,C0078839,C0724725,C0524301
Insomnia,Trazodone,517,6.686653772,C0040805,C0282369,C0572833
Insomnia,Ambien,381,7.364829396,C0487782,C3224789,C1644791
Insomnia,Suvorexant,273,3.688644689,C3179535,C3854972,C4754913
Insomnia,Belsomra,265,3.660377358,C3854974,C3854978,C3854983
Insomnia,Quetiapine,243,7.946502058,C0123091,C0724680,C1997945
Insomnia,Temazepam,232,6.818965517,C0039468,C1266744,C0690437
Insomnia,Eszopiclone,210,6.223809524,C1436328,C1577188,C1576470
Insomnia,Lunesta,172,6.51744186,C1579761,C3235324,C1585053
Insomnia,Doxepin,170,6.541176471,C0013085,C0365808,C0700535
Insomnia,Mirtazapine,163,7.386503067,C0049506,C0981596,C2828218
Insomnia,Amitriptyline,148,7.189189189,C0002600,C0700523,C0202316
Insomnia,Melatonin,125,6.888,C0025219,C1527137,C0550424
Insomnia,Clonazepam,103,7.54368932,C0009011,C0365723,C0202361
Insomnia,Doxylamine,102,6.833333333,C0013092,C0058733,C0524113
Insomnia,Silenor,95,6.852631579,C2747642,C3236439,C2747645
Insomnia,Diphenhydramine,84,6.464285714,C0012522,C0004963,C0282144
Insomnia,Zaleplon,74,5.581081081,C0251504,C1248696,C5669423
Insomnia,Gabapentin,63,7.793650794,C0060926,C0484930,C2700226
Insomnia,Seroquel,61,8.278688525,C0287163,C1962503,C3234613
Insomnia,Ramelteon,61,4.639344262,C1565316,C2923705,C2923711
Insomnia,Lorazepam,59,8.084745763,C0024002,C0365953,C0524170
Insomnia,Ambien CR,59,6.881355932,C1644791,C1630664,C1628353
Insomnia,Restoril,58,7.655172414,C0723045,C3236367,C0307469
Insomnia,Rozerem,53,4.849056604,C1621477,C3236421,C1630699
Insomnia,Sonata,42,5.666666667,C0876170,C3239209,C3239208
Insomnia,Triazolam,36,9.166666667,C0040879,C0524289,C0568415
Insomnia,Unisom SleepTabs,34,6.058823529,C0714660,,
Insomnia,Olanzapine,27,7.333333333,C0171023,C2698647,C1266674
Insomnia,Flurazepam,21,8.571428571,C0016375,C0365882,C0242293
Insomnia,Remeron,21,7.80952381,C0525726,C5441678,C0939464
Insomnia,Ativan,21,7.476190476,C0699194,C3226923,C0305346
Insomnia,Halcion,19,9.210526316,C0733624,C3230047,C1243227
Insomnia,Sominex,19,7.368421053,C0592125,C2584344,C3239195
Insomnia,Elavil,18,7.611111111,C0087119,C0002600,C3227887
Insomnia,Chloral hydrate,16,8.4375,C0008161,C0202351,C0344156
Insomnia,Acetaminophen / diphenhydramine,16,7.0625,C0717366,C1873985,C2929159
Insomnia,Zyprexa,15,7.133333333,C0527258,C0876225,C3240425
Insomnia,Estazolam,14,9.428571429,C0014892,C0524119,C1246115
Insomnia,Klonopin,14,9.0,C0699315,C3226181,C0306549
Insomnia,Simply Sleep,12,5.583333333,C0876890,C3236477,C3236476
Insomnia,Dalmane,11,8.727272727,C0733803,C0305797,C0355001
Insomnia,Tylenol PM,11,6.363636364,C0724028,C3241056,C3241055
Insomnia,Diphenhydramine / naproxen,11,6.272727273,C3858058,C3858341,C3858317
Insomnia,Desyrel,11,6.090909091,C0701914,C0305882,C3229224
Insomnia,Somnote,9,9.111111111,C1170615,,
Insomnia,Unisom SleepGels,9,4.666666667,C0710316,C0724123,
Insomnia,Edluar,8,8.875,C2718745,C3227239,C3227238
Insomnia,Intermezzo,6,9.666666667,C3248046,C3248050,C3248049
Insomnia,Seroquel XR,6,8.166666667,C1962503,C1949286,C1949282
Insomnia,Zolpimist,6,6.833333333,C2370737,C3241902,C2370740
Insomnia,Secobarbital,5,10.0,C0036516,C0304359,C0202464
Insomnia,Quazepam,5,9.6,C0072828,C1266727,C1247798
Insomnia,Neurontin,5,8.2,C0678176,C3236121,C0355710
Insomnia,Nytol,5,6.6,C0591894,C3233756,C3160039
Insomnia,Tryptophan,4,9.75,C0041249,C0000578,C0041256
Insomnia,Oxazepam,4,8.0,C0029997,C0366113,C0202436
Insomnia,Sleep Aid,4,8.0,C0718303,C0723363,C0723364
Insomnia,Benadryl Allergy,4,6.5,C0718876,C0718878,C0718877
Insomnia,Benadryl,4,6.25,C0700899,C0718876,C0710392
Insomnia,Seconal Sodium,3,10.0,C0733450,C0307570,C0698208
Insomnia,Dimenhydrinate,3,9.666666667,C0012381,C4048693,C0691375
Insomnia,Doral,3,9.333333333,C0720023,C4760078,C3229860
Insomnia,ZzzQuil,3,2.0,C3249761,C3268209,C3268208
Insomnia,Seconal,2,10.0,C0733450,C5422794,C5422793
Insomnia,Compoz Nighttime Sleep Aid,2,9.0,C0719459,C0710420,C3249809
Insomnia,Excedrin PM,2,9.0,C0720333,C0720334,C3226611
Insomnia,Valerian,2,4.0,C0795674,C0042281,C0993600
Major Depressive Disorde,Vortioxetine,222,6.527027027,C3661282,C3667607,C3692165
Major Depressive Disorde,Trintellix,180,6.4,C4087086,C4238275,C4238280
Major Depressive Disorde,Bupropion,142,7.211267606,C0085208,C0484898,C0700563
Major Depressive Disorde,Vilazodone,105,5.6,C1530072,C2962546,C4755185
Major Depressive Disorde,Venlafaxine,103,6.922330097,C0078569,C0771200,C1266786
Major Depressive Disorde,Viibryd,98,5.744897959,C2962550,C3240353,C2980569
Major Depressive Disorde,Brexpiprazole,82,6.402439024,C3885614,C5553944,C4758171
Major Depressive Disorde,Sertraline,78,7.423076923,C0074393,C0600526,C0524265
Major Depressive Disorde,Rexulti,75,6.573333333,C4033609,C4033899,C4033900
Major Depressive Disorde,Levomilnacipran,68,5.235294118,C3541367,C3663521,C3663525
Major Depressive Disorde,Fetzima,65,5.261538462,C3663527,C3663549,C3663531
Major Depressive Disorde,Mirtazapine,61,6.93442623,C0049506,C0981596,C2828218
Major Depressive Disorde,Zoloft,60,7.066666667,C0284660,C5442087,C3241900
Major Depressive Disorde,Aripiprazole,57,6.175438596,C0299792,C4056439,C5553917
Major Depressive Disorde,Abilify,53,5.943396226,C1170019,C3220191,C3554917
Major Depressive Disorde,Escitalopram,51,7.039215686,C1099456,C1316867,C1170746
Major Depressive Disorde,Wellbutrin XL,51,6.882352941,C1330606,C1329854,C1329853
Major Depressive Disorde,Effexor XR,48,7.020833333,C0595028,C0716074,C0716080
Major Depressive Disorde,Duloxetine,47,6.595744681,C0245561,C1505020,C4752988
Major Depressive Disorde,Fluoxetine,46,7.608695652,C0016365,C0733380,C1608551
Major Depressive Disorde,Wellbutrin,46,7.108695652,C0085934,C0724393,C1330606
Major Depressive Disorde,Cymbalta,43,6.325581395,C1505021,C3228463,C3228462
Major Depressive Disorde,Desvenlafaxine,38,5.868421053,C1880288,C1742884,C4553828
Major Depressive Disorde,Lexapro,35,7.085714286,C1170371,C1099456,C3239916
Major Depressive Disorde,Pristiq,35,6.114285714,C1871864,C3232813,C3232812
Major Depressive Disorde,Prozac,34,7.411764706,C0162373,C2920365,C3236322
Major Depressive Disorde,Effexor,28,6.392857143,C0591437,C0595028,C3227261
Major Depressive Disorde,Quetiapine,22,5.590909091,C0123091,C0724680,C1997945
Major Depressive Disorde,Paroxetine,21,7.0,C0070122,C0771019,C1365510
Major Depressive Disorde,Remeron,21,6.857142857,C0525726,C5441678,C0939464
Major Depressive Disorde,Paxil,17,7.588235294,C0376414,C0876119,C3236755
Major Depressive Disorde,Trazodone,17,7.0,C0040805,C0282369,C0572833
Major Depressive Disorde,Wellbutrin SR,16,7.625,C0724393,C1812857,C1812858
Major Depressive Disorde,Olanzapine,16,6.8125,C0171023,C2698647,C1266674
Major Depressive Disorde,Seroquel XR,11,5.454545455,C1962503,C1949286,C1949282
Major Depressive Disorde,Zyprexa,10,6.1,C0527258,C0876225,C3240425
Major Depressive Disorde,Fluoxetine / olanzapine,4,8.25,C1608551,C1961954,C1329938
Major Depressive Disorde,Nefazodone,3,9.666666667,C0068485,C0771310,C0568273
Major Depressive Disorde,Symbyax,3,8.0,C1330549,C3239274,C1961954
Major Depressive Disorde,Emsam,3,6.0,C1699309,C3229915,C3466863
Major Depressive Disorde,Selegiline,3,6.0,C0036579,C0700467,C0568594
Major Depressive Disorde,Budeprion XL,2,9.5,C1828815,,
Major Depressive Disorde,Desyrel,2,4.0,C0701914,C0305882,C3229224
mance Anxiety,Propranolol,259,9.671814672,C0033497,C0282321,C0202459
Mania,Divalproex sodium,21,7.761904762,C0886883,C2609633,C2609634
Mania,Depakote,13,7.538461538,C0719751,C0939309,C0719752
Mania,Lithium,10,7.6,C0023870,C0337452,C3540800
Mania,Chlorpromazine,5,5.8,C0008286,C0355077,C0202359
Mania,Haloperidol,5,3.6,C0018546,C0919241,C0365898
Mania,Risperdal,4,8.5,C0592071,C0733452,C1320098
Mania,Risperidone,4,8.5,C0073393,C1266731,C0981711
Mania,Haldol,3,2.666666667,C0591585,C0591586,C0306331
Mania,Valproic acid,2,10.0,C0042291,C0202495,C0589471
Mania,Depakote ER,2,8.0,C0939309,C0706355,C0939655
Mania,Thorazine,2,5.5,C0699065,C0307847,C0392890
Obsessive Compulsive Disorde,Sertraline,105,8.038095238,C0074393,C0600526,C0524265
Obsessive Compulsive Disorde,Fluvoxamine,83,7.86746988,C0085228,C0700473,C1266533
Obsessive Compulsive Disorde,Zoloft,80,8.25,C0284660,C5442087,C3241900
Obsessive Compulsive Disorde,Clomipramine,75,8.106666667,C0009010,C0282107,C0524080
Obsessive Compulsive Disorde,Fluoxetine,64,8.1875,C0016365,C0733380,C1608551
Obsessive Compulsive Disorde,Luvox,51,8.176470588,C0086307,C2342291,C4729984
Obsessive Compulsive Disorde,Prozac,41,8.390243902,C0162373,C2920365,C3236322
Obsessive Compulsive Disorde,Anafranil,38,8.263157895,C0002752,C3228921,C0305259
Obsessive Compulsive Disorde,Escitalopram,35,8.742857143,C1099456,C1316867,C1170746
Obsessive Compulsive Disorde,Paroxetine,24,7.5,C0070122,C0771019,C1365510
Obsessive Compulsive Disorde,Citalopram,21,7.904761905,C0008845,C1369503,C0724555
Obsessive Compulsive Disorde,Paxil,18,7.833333333,C0376414,C0876119,C3236755
Obsessive Compulsive Disorde,Quetiapine,17,8.529411765,C0123091,C0724680,C1997945
Obsessive Compulsive Disorde,Aripiprazole,15,7.666666667,C0299792,C4056439,C5553917
Obsessive Compulsive Disorde,Venlafaxine,12,8.0,C0078569,C0771200,C1266786
Obsessive Compulsive Disorde,Abilify,11,7.272727273,C1170019,C3220191,C3554917
Obsessive Compulsive Disorde,Lexapro,10,9.1,C1170371,C1099456,C3239916
Obsessive Compulsive Disorde,Mirtazapine,10,7.6,C0049506,C0981596,C2828218
Obsessive Compulsive Disorde,Olanzapine,9,6.444444444,C0171023,C2698647,C1266674
Obsessive Compulsive Disorde,Seroquel,6,9.0,C0287163,C1962503,C3234613
Obsessive Compulsive Disorde,Celexa,4,8.75,C0719199,C3220444,C0716373
Obsessive Compulsive Disorde,Effexor XR,3,9.0,C0595028,C0716074,C0716080
Obsessive Compulsive Disorde,Riluzole,3,8.0,C0073379,C0692566,C1247857
Obsessive Compulsive Disorde,Zyprexa,3,5.333333333,C0527258,C0876225,C3240425
Obsessive Compulsive Disorde,Vilazodone,3,3.0,C1530072,C2962546,C4755185
Obsessive Compulsive Disorde,Clonazepam,2,9.0,C0009011,C0365723,C0202361
Obsessive Compulsive Disorde,Luvox CR,2,9.0,C2342291,,
Obsessive Compulsive Disorde,Effexor,2,8.0,C0591437,C0595028,C3227261
Opiate Dependence,Buprenorphine / naloxone,588,8.547619048,C1169989,C3840218,C3205883
Opiate Dependence,Suboxone,467,9.057815846,C1170625,C3234098,C3467613
Opiate Dependence,Buprenorphine,99,9.161616162,C0006405,C0524040,C0701445
Opiate Dependence,Naltrexone,89,7.808988764,C0027360,C0355800,C1266646
Opiate Dependence,Vivitrol,69,8.0,C1712071,C3241147,C1712074
Opiate Dependence,Subutex,66,9.303030303,C0006404,C1576919,C1576918
Opiate Dependence,Zubsolv,53,6.58490566,C3651901,C3652179,C3652180
Opiate Dependence,Bunavail,44,6.113636364,C3834225,C3834400,C3834399
Opiate Dependence,Revia,2,9.5,C0591842,C5234920,C3232229
Opiate Withdrawal,Methadone,173,8.774566474,C0025605,C0202418,C0721688
Opiate Withdrawal,Clonidine,160,8.21875,C0009014,C0546860,C0274741
Opiate Withdrawal,Catapres,24,8.333333333,C0699881,C3230342,C0305564
Opiate Withdrawal,Methocarbamol,20,7.95,C0025659,C0274666,C4083766
Opiate Withdrawal,Methadose,19,8.789473684,C0592779,C3239433,C0699176
Opiate Withdrawal,Methadone Diskets,15,9.266666667,C0306794,C4534826,C4534827
Opiate Withdrawal,Robaxin,6,6.666666667,C0699926,C3239694,C0307495
Opiate Withdrawal,Dolophine,4,9.75,C0699057,C3228592,C0708062
Opiate Withdrawal,Robaxin-750,3,9.666666667,C0723103,C0307497,C2937820
Opiate Withdrawal,Catapres-TTS,3,8.333333333,C0917969,C0719188,C0719189
Opiate Withdrawal,Chlordiazepoxide,3,7.333333333,C0008188,C0700528,C0274677
Opiate Withdrawal,Chlorpromazine,2,8.5,C0008286,C0355077,C0202359
Opiate Withdrawal,Tramadol,2,5.5,C0040610,C1266765,C2350089
Panic Disorde,Sertraline,271,7.73800738,C0074393,C0600526,C0524265
Panic Disorde,Clonazepam,254,9.039370079,C0009011,C0365723,C0202361
Panic Disorde,Alprazolam,228,9.184210526,C0002333,C0482776,C0974159
Panic Disorde,Zoloft,210,7.70952381,C0284660,C5442087,C3241900
Panic Disorde,Xanax,152,9.203947368,C0699034,C3240057,C1330607
Panic Disorde,Klonopin,145,8.986206897,C0699315,C3226181,C0306549
Panic Disorde,Paroxetine,80,7.85,C0070122,C0771019,C1365510
Panic Disorde,Buspirone,65,5.923076923,C0006462,C0700444,C0573025
Panic Disorde,Paxil,59,7.966101695,C0376414,C0876119,C3236755
Panic Disorde,Fluoxetine,57,7.964912281,C0016365,C0733380,C1608551
Panic Disorde,Lorazepam,54,8.759259259,C0024002,C0365953,C0524170
Panic Disorde,Citalopram,51,7.725490196,C0008845,C1369503,C0724555
Panic Disorde,Prozac,37,7.945945946,C0162373,C2920365,C3236322
Panic Disorde,BuSpar,36,6.027777778,C0600122,C0875980,C1169245
Panic Disorde,Venlafaxine,30,7.733333333,C0078569,C0771200,C1266786
Panic Disorde,Ativan,28,9.0,C0699194,C3226923,C0305346
Panic Disorde,Propranolol,27,7.925925926,C0033497,C0282321,C0202459
Panic Disorde,Effexor XR,19,7.473684211,C0595028,C0716074,C0716080
Panic Disorde,Xanax XR,18,9.111111111,C1330607,C1329640,C1329639
Panic Disorde,Clomipramine,14,9.357142857,C0009010,C0282107,C0524080
Panic Disorde,Celexa,14,8.071428571,C0719199,C3220444,C0716373
Panic Disorde,Imipramine,13,7.461538462,C0020934,C0020935,C0589978
Panic Disorde,Bupropion,10,7.4,C0085208,C0484898,C0700563
Panic Disorde,Desvenlafaxine,8,8.0,C1880288,C1742884,C4553828
Panic Disorde,Pristiq,7,7.857142857,C1871864,C3232813,C3232812
Panic Disorde,Anafranil,6,9.166666667,C0002752,C3228921,C0305259
Panic Disorde,Klonopin Wafer,5,9.8,C1330369,,
Panic Disorde,Tofranil,5,8.8,C0025231,C0020934,C3232993
Panic Disorde,Paxil CR,5,5.6,C0876119,C1169471,C1169801
Panic Disorde,Wellbutrin,4,6.0,C0085934,C0724393,C1330606
Panic Disorde,Alprazolam Intensol,3,9.666666667,C1612399,,
Panic Disorde,Nortriptyline,3,9.666666667,C0028420,C0700459,C0373487
Panic Disorde,Lorazepam Intensol,3,8.333333333,C5448700,C0978249,
Panic Disorde,Maprotiline,3,7.333333333,C0024778,C0700455,C0771589
Panic Disorde,Nefazodone,2,9.5,C0068485,C0771310,C0568273
Panic Disorde,Wellbutrin SR,2,9.5,C0724393,C1812857,C1812858
Paranoid Disorde,Olanzapine,11,6.727272727,C0171023,C2698647,C1266674
Paranoid Disorde,Quetiapine,9,7.0,C0123091,C0724680,C1997945
Paranoid Disorde,Risperidone,8,4.75,C0073393,C1266731,C0981711
Paranoid Disorde,Zyprexa,7,5.142857143,C0527258,C0876225,C3240425
Paranoid Disorde,Ziprasidone,4,6.75,C0380393,C0380392,C1170754
Paranoid Disorde,Seroquel,2,9.0,C0287163,C1962503,C3234613
Paranoid Disorde,Clozapine,2,8.5,C0009079,C3666182,C0524086
Paranoid Disorde,Risperdal,2,1.5,C0592071,C0733452,C1320098
Post Traumatic Stress Disorde,Sertraline,67,7.47761194,C0074393,C0600526,C0524265
Post Traumatic Stress Disorde,Prazosin,61,7.803278689,C0032912,C0700578,C1266713
Post Traumatic Stress Disorde,Zoloft,49,7.408163265,C0284660,C5442087,C3241900
Post Traumatic Stress Disorde,Quetiapine,34,7.529411765,C0123091,C0724680,C1997945
Post Traumatic Stress Disorde,Paroxetine,22,7.272727273,C0070122,C0771019,C1365510
Post Traumatic Stress Disorde,Mirtazapine,22,6.227272727,C0049506,C0981596,C2828218
Post Traumatic Stress Disorde,Risperidone,19,7.210526316,C0073393,C1266731,C0981711
Post Traumatic Stress Disorde,Paxil,19,7.0,C0376414,C0876119,C3236755
Post Traumatic Stress Disorde,Lamotrigine,16,9.25,C0064636,C0524166,C2701084
Post Traumatic Stress Disorde,Asenapine,16,8.5,C2000088,C2719618,C5553915
Post Traumatic Stress Disorde,Venlafaxine,13,6.384615385,C0078569,C0771200,C1266786
Post Traumatic Stress Disorde,Desvenlafaxine,12,9.166666667,C1880288,C1742884,C4553828
Post Traumatic Stress Disorde,Pristiq,9,9.0,C1871864,C3232813,C3232812
Post Traumatic Stress Disorde,Saphris,9,8.666666667,C2719329,C3239756,C3239755
Post Traumatic Stress Disorde,Amitriptyline,8,9.0,C0002600,C0700523,C0202316
Post Traumatic Stress Disorde,Minipress,7,9.142857143,C0242447,C3233635,C0306825
Post Traumatic Stress Disorde,Dronabinol,7,8.714285714,C0039663,C1246014,C2699811
Post Traumatic Stress Disorde,Aripiprazole,7,7.428571429,C0299792,C4056439,C5553917
Post Traumatic Stress Disorde,Fluvoxamine,7,5.714285714,C0085228,C0700473,C1266533
Post Traumatic Stress Disorde,Seroquel,6,6.666666667,C0287163,C1962503,C3234613
Post Traumatic Stress Disorde,Risperdal,5,9.0,C0592071,C0733452,C1320098
Post Traumatic Stress Disorde,Elavil,4,9.5,C0087119,C0002600,C3227887
Post Traumatic Stress Disorde,Seroquel XR,3,9.333333333,C1962503,C1949286,C1949282
Post Traumatic Stress Disorde,Celexa,2,10.0,C0719199,C3220444,C0716373
Post Traumatic Stress Disorde,Citalopram,2,10.0,C0008845,C1369503,C0724555
Post Traumatic Stress Disorde,Abilify,2,7.5,C1170019,C3220191,C3554917
Postpartum Depression,Citalopram,21,7.19047619,C0008845,C1369503,C0724555
Postpartum Depression,Sertraline,19,8.052631579,C0074393,C0600526,C0524265
Postpartum Depression,Zoloft,17,8.0,C0284660,C5442087,C3241900
Postpartum Depression,Venlafaxine,15,7.066666667,C0078569,C0771200,C1266786
Postpartum Depression,Celexa,12,7.333333333,C0719199,C3220444,C0716373
Postpartum Depression,Effexor XR,11,8.181818182,C0595028,C0716074,C0716080
Postpartum Depression,Paroxetine,6,6.833333333,C0070122,C0771019,C1365510
Postpartum Depression,Paxil,6,6.833333333,C0376414,C0876119,C3236755
Postpartum Depression,Fluoxetine,3,10.0,C0016365,C0733380,C1608551
Postpartum Depression,Prozac,2,10.0,C0162373,C2920365,C3236322
Postpartum Depression,Effexor,2,2.5,C0591437,C0595028,C3227261
Premenstrual Dysphoric Disorde,Drospirenone / ethinyl estradiol,83,7.204819277,C2604206,C2939580,C3215605
Premenstrual Dysphoric Disorde,Fluoxetine,74,8.648648649,C0016365,C0733380,C1608551
Premenstrual Dysphoric Disorde,Yaz,53,7.622641509,C1696294,C1815690,C2607420
Premenstrual Dysphoric Disorde,Sertraline,36,8.666666667,C0074393,C0600526,C0524265
Premenstrual Dysphoric Disorde,Zoloft,30,8.533333333,C0284660,C5442087,C3241900
Premenstrual Dysphoric Disorde,Sarafem,18,8.722222222,C1692877,C3239758,C3239757
Premenstrual Dysphoric Disorde,Gianvi,17,7.411764706,C2920070,C2917854,
Premenstrual Dysphoric Disorde,Citalopram,14,9.214285714,C0008845,C1369503,C0724555
Premenstrual Dysphoric Disorde,Drospirenone / ethinyl estradiol / levomefolate calcium,11,7.636363636,C4032405,C3161980,C4720009
Premenstrual Dysphoric Disorde,Prozac,11,7.454545455,C0162373,C2920365,C3236322
Premenstrual Dysphoric Disorde,Beyaz,10,7.9,C2947961,C2939585,C2940253
Premenstrual Dysphoric Disorde,Escitalopram,8,9.25,C1099456,C1316867,C1170746
Premenstrual Dysphoric Disorde,Yasmin,6,6.666666667,C0939533,C1876891,C4049961
Premenstrual Dysphoric Disorde,Celexa,3,9.333333333,C0719199,C3220444,C0716373
Premenstrual Dysphoric Disorde,Lexapro,3,9.333333333,C1170371,C1099456,C3239916
Premenstrual Dysphoric Disorde,Paroxetine,3,9.333333333,C0070122,C0771019,C1365510
Premenstrual Dysphoric Disorde,Venlafaxine,3,9.333333333,C0078569,C0771200,C1266786
Premenstrual Dysphoric Disorde,Bupropion,3,8.666666667,C0085208,C0484898,C0700563
Premenstrual Dysphoric Disorde,Loryna,3,1.0,C3244637,C3153357,C4552064
Premenstrual Dysphoric Disorde,Evening Primrose Oil,2,9.5,C0700602,C0693125,C1620773
Schizoaffective Disorde,Paliperidone,46,6.065217391,C0753678,C2719626,C4058551
Schizoaffective Disorde,Aripiprazole,40,6.825,C0299792,C4056439,C5553917
Schizoaffective Disorde,Olanzapine,38,5.921052632,C0171023,C2698647,C1266674
Schizoaffective Disorde,Ziprasidone,37,7.216216216,C0380393,C0380392,C1170754
Schizoaffective Disorde,Abilify,36,7.027777778,C1170019,C3220191,C3554917
Schizoaffective Disorde,Geodon,35,7.114285714,C0939698,C3224623,C0939141
Schizoaffective Disorde,Quetiapine,32,6.8125,C0123091,C0724680,C1997945
Schizoaffective Disorde,Invega,32,5.6875,C1828935,C2722404,C3227485
Schizoaffective Disorde,Risperidone,30,6.333333333,C0073393,C1266731,C0981711
Schizoaffective Disorde,Seroquel,24,7.458333333,C0287163,C1962503,C3234613
Schizoaffective Disorde,Asenapine,21,7.714285714,C2000088,C2719618,C5553915
Schizoaffective Disorde,Saphris,21,7.714285714,C2719329,C3239756,C3239755
Schizoaffective Disorde,Zyprexa,21,6.571428571,C0527258,C0876225,C3240425
Schizoaffective Disorde,Lurasidone,20,9.1,C2003424,C2697950,C5553916
Schizoaffective Disorde,Risperdal,19,6.368421053,C0592071,C0733452,C1320098
Schizoaffective Disorde,Latuda,14,8.928571429,C2954611,C3230201,C2946969
Schizoaffective Disorde,Lamotrigine,12,9.333333333,C0064636,C0524166,C2701084
Schizoaffective Disorde,Lamictal,9,9.222222222,C0678180,C3229001,C0591698
Schizoaffective Disorde,Invega Sustenna,9,6.111111111,C2722404,C2718480,C2718476
Schizoaffective Disorde,Seroquel XR,6,5.0,C1962503,C1949286,C1949282
Schizoaffective Disorde,Lithium,5,9.0,C0023870,C0337452,C3540800
Schizoaffective Disorde,Valproic acid,4,6.75,C0042291,C0202495,C0589471
Schizoaffective Disorde,Zyprexa Zydis,4,5.25,C0876225,C1169524,C1169525
Schizoaffective Disorde,Lithobid,2,9.5,C0700751,C3232486,C0306649
Schizoaffective Disorde,Depakene,2,9.0,C0700661,C0305851,C0305850
Schizophrenia,Paliperidone,67,6.104477612,C0753678,C2719626,C4058551
Schizophrenia,Lurasidone,62,6.435483871,C2003424,C2697950,C5553916
Schizophrenia,Latuda,59,6.389830508,C2954611,C3230201,C2946969
Schizophrenia,Aripiprazole,57,6.666666667,C0299792,C4056439,C5553917
Schizophrenia,Abilify,48,6.4375,C1170019,C3220191,C3554917
Schizophrenia,Risperidone,47,5.829787234,C0073393,C1266731,C0981711
Schizophrenia,Olanzapine,37,6.594594595,C0171023,C2698647,C1266674
Schizophrenia,Invega,33,5.636363636,C1828935,C2722404,C3227485
Schizophrenia,Quetiapine,32,7.125,C0123091,C0724680,C1997945
Schizophrenia,Ziprasidone,30,6.9,C0380393,C0380392,C1170754
Schizophrenia,Geodon,27,7.074074074,C0939698,C3224623,C0939141
Schizophrenia,Asenapine,26,7.884615385,C2000088,C2719618,C5553915
Schizophrenia,Saphris,26,7.884615385,C2719329,C3239756,C3239755
Schizophrenia,Risperdal,25,5.36,C0592071,C0733452,C1320098
Schizophrenia,Clozapine,21,8.619047619,C0009079,C3666182,C0524086
Schizophrenia,Seroquel,21,6.333333333,C0287163,C1962503,C3234613
Schizophrenia,Zyprexa,20,6.75,C0527258,C0876225,C3240425
Schizophrenia,Invega Sustenna,19,6.526315789,C2722404,C2718480,C2718476
Schizophrenia,Cariprazine,13,7.846153846,C2936870,C4058574,C5553909
Schizophrenia,Vraylar,13,7.846153846,C4056542,C4083977,C4056711
Schizophrenia,Iloperidone,12,6.5,C0247194,C5553001,C2684250
Schizophrenia,Brexpiprazole,12,6.0,C3885614,C5553944,C4758171
Schizophrenia,Fanapt,11,7.0,C2701270,C2684251,C3228696
Schizophrenia,Rexulti,9,4.888888889,C4033609,C4033899,C4033900
Schizophrenia,Clozaril,8,9.0,C0719386,C3227743,C1242903
Schizophrenia,Chlorpromazine,7,9.142857143,C0008286,C0355077,C0202359
Schizophrenia,Trifluoperazine,7,8.571428571,C0040979,C0304381,C0202493
Schizophrenia,Seroquel XR,6,8.666666667,C1962503,C1949286,C1949282
Schizophrenia,Risperdal Consta,5,8.4,C1320098,C1320099,C1320101
Schizophrenia,Abilify Maintena,5,8.2,C3554917,C4477523,C3853920
Schizophrenia,Invega Trinza,5,7.6,C4046245,C4026039,C4026041
Schizophrenia,Thorazine,4,9.5,C0699065,C0307847,C0392890
Schizophrenia,Loxapine,4,6.5,C0024056,C0024057,C0304390
Schizophrenia,Stelazine,3,10.0,C0733842,C0307675,C1243186
Schizophrenia,Zyprexa Zydis,3,5.333333333,C0876225,C1169524,C1169525
Schizophrenia,Thioridazine,2,9.0,C0039943,C0700499,C0202486
Sexual Dysfunction; SSRI Induced,Bupropion,38,6.76315,C0085208,C0484898,C0700563
Sexual Dysfunction; SSRI Induced,Sildenafil,17,8.2352,C0529793,C0724693,C0981732
Sexual Dysfunction; SSRI Induced,Viagra,13,8.8461,C0663448,C3241828,C0716275
Sexual Dysfunction; SSRI Induced,Buspirone,11,6.7272,C0006462,C0700444,C0573025
Sexual Dysfunction; SSRI Induced,Dextroamphetamine,6,9.5,C0011812,C0011810,C0724568
Sexual Dysfunction; SSRI Induced,Wellbutrin,3,8.666,C0085934,C0724393,C1330606
Sexual Dysfunction; SSRI Induced,Yohimbine,3,7.0,C0724441,C0043420,C0521933
Sexual Dysfunction; SSRI Induced,BuSpar,3,6.333,C0600122,C0875980,C1169245
Sexual Dysfunction; SSRI Induced,Dexedrine,2,9.5,C0591355,C0305892,C3229817
Shift Work Sleep Disorde,Armodafinil,29,7.448275862,C1701455,C1961875,C1961880
Shift Work Sleep Disorde,Nuvigil,26,7.5,C1871544,C3233271,C2364594
Shift Work Sleep Disorde,Modafinil,17,8.411764706,C0066677,C1701455,C0874353
Shift Work Sleep Disorde,Provigil,12,9.333333333,C0722882,C3236315,C0731744
Social Anxiety Disorde,Sertraline,195,7.446153846,C0074393,C0600526,C0524265
Social Anxiety Disorde,Zoloft,163,7.570552147,C0284660,C5442087,C3241900
Social Anxiety Disorde,Paroxetine,63,7.952380952,C0070122,C0771019,C1365510
Social Anxiety Disorde,Paxil,52,7.846153846,C0376414,C0876119,C3236755
Social Anxiety Disorde,Venlafaxine,23,7.173913043,C0078569,C0771200,C1266786
Social Anxiety Disorde,Effexor XR,13,7.538461538,C0595028,C0716074,C0716080
Social Anxiety Disorde,Risperidone,4,7.0,C0073393,C1266731,C0981711
Social Anxiety Disorde,Risperdal,3,9.0,C0592071,C0733452,C1320098
Social Anxiety Disorde,Fluvoxamine,2,5.5,C0085228,C0700473,C1266533
Tourette's Syndrome,Clonidine,19,7.105263158,C0009014,C0546860,C0274741
Tourette's Syndrome,Pimozide,16,6.6875,C0031935,C1266704,C0568520
Tourette's Syndrome,Orap,15,7.066666667,C0591918,C1242164,C0698237
Tourette's Syndrome,Aripiprazole,8,7.125,C0299792,C4056439,C5553917
Tourette's Syndrome,Guanfacine,5,6.4,C0079466,C0700472,C1246418
Tourette's Syndrome,Abilify,4,9.25,C1170019,C3220191,C3554917
Tourette's Syndrome,Haloperidol,4,4.25,C0018546,C0919241,C0365898
Tourette's Syndrome,Topamax,3,8.0,C0723778,C3231903,C0723779
Tourette's Syndrome,Topiramate,3,8.0,C0076829,C0519827,C0693586
Tourette's Syndrome,Olanzapine,3,6.0,C0171023,C2698647,C1266674
Tourette's Syndrome,Catapres,2,10.0,C0699881,C3230342,C0305564
Tourette's Syndrome,Haldol,2,3.0,C0591585,C0591586,C0306331